"","year","month","ATICO","CALLAO","CASMA","CHANCAY","CHICAMA","CHIMBOTE","HUACHO","HUARMEY","ILO","LA PLANCHADA","MOLLENDO","PAITA","PARACHIQUE","PIMENTEL","PISCO","PUCUSANA","SALAVERRY","SAMANCO","SUPE","TAMBO DE MORA","VEGUETA","NA"
"1",1972,1,0,0,0,0,0,0,0,0,0,0,0,0,0,0,0,0,0,0,0,0,0,0
"2",1972,2,0,0,0,0,0,0,0,0,0,0,0,0,0,0,0,0,0,0,0,0,0,0
"3",1972,3,0,0,0,0,0,0,0,0,0,0,0,0,0,0,0,0,0,0,0,0,0,0
"4",1972,4,0,0,0,0,0,0,0,0,0,0,0,0,0,0,0,0,0,0,0,0,0,0
"5",1972,5,0,0,0,0,0,0,0,0,0,0,0,0,0,0,1,0,0,0,0,0,0,0
"6",1972,6,0,0,0,0,0,0,0,0,0,0,0,0,0,0,0,0,0,0,0,0,0,0
"7",1972,7,0,0,0,0,0,0,0,0,0,0,0,0,0,0,0,0,0,0,0,0,0,0
"8",1972,8,0,0,0,0,0,0,0,0,0,0,0,0,0,0,0,0,0,0,0,0,0,0
"9",1972,9,0,0,0,0,0,0,0,0,0,0,0,0,0,0,0,0,0,0,0,0,0,0
"10",1972,10,0,0,0,0,0,0,0,0,0,0,0,0,0,0,0,0,0,0,0,0,0,0
"11",1972,11,0,0,0,0,0,0,0,0,0,0,0,0,0,0,0,0,0,0,0,0,0,0
"12",1972,12,0,0,0,0,0,0,0,0,0,0,0,0,0,0,0,0,0,0,0,0,0,0
"13",1973,1,0,0,0,0,0,0,0,0,0,0,0,0,0,0,0,0,0,0,0,0,0,0
"14",1973,2,0,0,0,0,0,0,0,0,0,0,0,0,0,0,0,0,0,0,0,0,0,0
"15",1973,3,0,0,0,0,0,0,0,0,0,0,0,0,0,0,0,0,0,0,0,0,0,0
"16",1973,4,0,0,0,0,0,0,0,0,0,0,0,0,0,0,0,0,0,0,0,0,0,0
"17",1973,5,0,0,0,0,0,0,0,0,0,0,0,0,0,0,0,0,0,0,0,0,0,0
"18",1973,6,0,0,0,0,0,0,0,0,0,0,0,0,0,0,0,0,0,0,0,0,0,0
"19",1973,7,0,0,0,0,0,0,0,0,0,0,0,0,0,0,0,0,0,0,0,0,0,0
"20",1973,8,0,0,0,0,0,0,0,0,0,0,0,0,0,0,0,0,0,0,0,0,0,0
"21",1973,9,0,0,0,0,0,0,0,0,0,0,0,0,0,0,0,0,0,0,0,0,0,0
"22",1973,10,0,0,0,0,0,0,0,0,0,0,0,0,0,0,0,0,0,0,0,0,0,0
"23",1973,11,0,0,0,0,0,0,0,0,0,0,0,0,0,0,0,0,0,0,0,0,0,0
"24",1973,12,0,0,0,0,0,0,0,0,0,0,0,0,0,0,0,0,0,0,0,0,0,0
"25",1974,1,0,0,0,0,0,0,0,0,0,0,0,0,0,0,0,0,0,0,0,0,0,0
"26",1974,2,0,0,0,0,0,0,0,0,0,0,0,0,0,0,0,0,0,0,0,0,0,0
"27",1974,3,0,0,0,0,0,0,0,0,0,0,0,0,0,0,0,0,0,0,0,0,0,0
"28",1974,4,0,0,0,0,0,0,0,0,0,0,0,0,0,0,0,0,0,0,0,0,0,0
"29",1974,5,0,0,0,0,0,0,0,0,0,0,0,0,0,0,0,0,0,0,0,0,0,0
"30",1974,6,0,0,0,0,0,0,0,0,0,0,0,0,0,0,0,0,0,0,0,0,0,0
"31",1974,7,0,0,0,0,0,0,0,0,0,0,0,0,0,0,0,0,0,0,0,0,0,0
"32",1974,8,0,0,0,0,0,0,0,0,0,0,0,0,0,0,0,0,0,0,0,0,0,0
"33",1974,9,0,0,0,0,0,0,0,0,0,0,0,0,0,0,0,0,0,0,0,0,0,0
"34",1974,10,0,0,0,0,0,0,0,0,0,0,0,0,0,0,0,0,0,0,0,0,0,0
"35",1974,11,0,0,0,0,0,0,0,0,0,0,0,0,0,0,0,0,0,0,0,0,0,0
"36",1974,12,0,0,0,0,0,0,0,0,0,0,0,0,0,0,0,0,0,0,0,0,0,0
"37",1975,1,0,0,0,0,0,0,0,0,0,0,0,0,0,0,0,0,0,0,0,0,0,0
"38",1975,2,0,0,0,0,0,0,0,0,0,0,0,0,0,0,0,0,0,0,0,0,0,0
"39",1975,3,0,0,0,0,0,0,0,0,0,0,0,0,0,0,0,0,0,0,0,0,0,0
"40",1975,4,0,0,0,0,0,0,0,0,0,0,0,0,0,0,0,0,0,0,0,0,0,0
"41",1975,5,0,0,0,0,0,0,0,0,0,0,0,0,0,0,0,0,0,0,0,0,0,0
"42",1975,6,0,0,0,0,0,0,0,0,0,0,0,0,0,0,0,0,0,0,0,0,0,0
"43",1975,7,0,0,0,0,0,0,0,0,0,0,0,0,0,0,0,0,0,0,0,0,0,0
"44",1975,8,0,0,0,0,0,0,0,0,0,0,0,0,0,0,0,0,0,0,0,0,0,0
"45",1975,9,0,0,0,0,0,0,0,0,0,0,0,0,0,0,0,0,0,0,0,0,0,0
"46",1975,10,0,0,0,0,0,0,0,0,0,0,0,0,0,0,0,0,0,0,0,0,0,0
"47",1975,11,0,0,0,0,0,0,0,0,0,0,0,0,0,0,0,0,0,0,0,0,0,0
"48",1975,12,0,0,0,0,0,0,0,0,0,0,0,0,0,0,0,0,0,0,0,0,0,0
"49",1976,1,0,0,0,0,0,0,0,0,0,0,0,0,0,0,0,0,0,0,0,0,0,0
"50",1976,2,0,0,0,0,0,0,0,0,0,0,0,0,0,0,0,0,0,0,0,0,0,0
"51",1976,3,0,0,0,0,0,0,0,0,0,0,0,0,0,0,0,0,0,0,0,0,0,0
"52",1976,4,0,0,0,0,0,0,0,0,0,0,0,0,0,0,0,0,0,0,0,0,0,0
"53",1976,5,0,0,0,0,0,0,0,0,0,0,0,0,0,0,0,0,0,0,0,0,0,0
"54",1976,6,0,0,0,0,0,0,0,0,0,0,0,0,0,0,0,0,0,0,0,0,0,0
"55",1976,7,0,0,0,0,0,0,0,0,0,0,0,0,0,0,0,0,0,0,0,0,0,0
"56",1976,8,0,0,0,0,0,0,0,0,0,0,0,0,0,0,0,0,0,0,0,0,0,0
"57",1976,9,0,0,0,0,0,0,0,0,0,0,0,0,0,0,0,0,0,0,0,0,0,0
"58",1976,10,0,0,0,0,0,0,0,0,0,0,0,0,0,0,0,0,0,0,0,0,0,0
"59",1976,11,0,0,0,0,0,0,0,0,0,0,0,0,0,0,0,0,0,0,0,0,0,0
"60",1976,12,0,0,0,0,0,0,0,0,0,0,0,0,0,0,0,0,0,0,0,0,0,0
"61",1977,1,0,0,0,0,0,0,0,0,0,0,0,0,0,0,0,0,0,0,0,0,0,0
"62",1977,2,0,0,0,0,0,0,0,0,0,0,0,0,0,0,0,0,0,0,0,0,0,0
"63",1977,3,0,0,0,0,0,0,0,0,0,0,0,0,0,0,0,0,0,0,0,0,0,0
"64",1977,4,0,0,0,0,0,0,0,0,0,0,0,0,0,0,0,0,0,0,0,0,0,0
"65",1977,5,0,0,0,0,0,0,0,0,0,0,0,0,0,0,0,0,0,0,0,0,0,0
"66",1977,6,0,0,0,0,0,0,0,0,0,0,0,0,0,0,0,0,0,0,0,0,0,0
"67",1977,7,0,0,0,0,0,0,0,0,0,0,0,0,0,0,0,0,0,0,0,0,0,0
"68",1977,8,0,0,0,0,0,0,0,0,0,0,0,0,0,0,0,0,0,0,0,0,0,0
"69",1977,9,0,0,0,0,0,0,0,0,0,0,0,0,0,0,0,0,0,0,0,0,0,0
"70",1977,10,0,0,0,0,0,0,0,0,0,0,0,0,0,0,0,0,0,0,0,0,0,0
"71",1977,11,0,0,0,0,0,0,0,0,0,0,0,0,0,0,0,0,0,0,0,0,0,0
"72",1977,12,0,0,0,0,0,0,0,0,0,0,0,0,0,0,0,0,0,0,0,0,0,0
"73",1978,1,0,0,0,0,0,0,0,0,0,0,0,0,0,0,0,0,0,0,0,0,0,0
"74",1978,2,0,0,0,0,0,0,0,0,0,0,0,0,0,0,0,0,0,0,0,0,0,0
"75",1978,3,0,0,0,0,0,0,0,0,0,0,0,0,0,0,0,0,0,0,0,0,0,0
"76",1978,4,0,0,0,0,0,0,0,0,0,0,0,0,0,0,0,0,0,0,0,0,0,0
"77",1978,5,0,0,0,0,0,0,0,0,0,0,0,0,0,0,0,0,0,0,0,0,0,0
"78",1978,6,0,0,0,0,0,0,0,0,0,0,0,0,0,0,0,0,0,0,0,0,0,0
"79",1978,7,0,0,0,0,0,0,0,0,0,0,0,0,0,0,0,0,0,0,0,0,0,0
"80",1978,8,0,0,0,0,0,0,0,0,0,0,0,0,0,0,0,0,0,0,0,0,0,0
"81",1978,9,0,0,0,0,0,0,0,0,0,0,0,0,0,0,0,0,0,0,0,0,0,0
"82",1978,10,0,0,0,0,0,0,0,0,0,0,0,0,0,0,0,0,0,0,0,0,0,0
"83",1978,11,0,0,0,0,0,0,0,0,0,0,0,0,0,0,0,0,0,0,0,0,0,0
"84",1978,12,0,0,0,0,0,0,0,0,0,0,0,0,0,0,0,0,0,0,0,0,0,0
"85",1979,1,0,0,0,0,0,0,0,0,0,0,0,0,0,0,0,0,0,0,0,0,0,0
"86",1979,2,0,0,0,0,0,0,0,0,0,0,0,0,0,0,0,0,0,0,0,0,0,0
"87",1979,3,0,0,0,0,0,0,0,0,0,0,0,0,0,0,0,0,0,0,0,0,0,0
"88",1979,4,0,0,0,0,0,0,0,0,0,0,0,0,0,0,0,0,0,0,0,0,0,0
"89",1979,5,0,0,0,0,0,0,0,0,0,0,0,0,0,0,0,0,0,0,0,0,0,0
"90",1979,6,0,0,0,0,0,0,0,0,0,0,0,0,0,0,0,0,0,0,0,0,0,0
"91",1979,7,0,0,0,0,0,0,0,0,0,0,0,0,0,0,0,0,0,0,0,0,0,0
"92",1979,8,0,0,0,0,0,0,0,0,0,0,0,0,0,0,0,0,0,0,0,0,0,0
"93",1979,9,0,0,0,0,0,0,0,0,0,0,0,0,0,0,0,0,0,0,0,0,0,0
"94",1979,10,0,0,0,0,0,0,0,0,0,0,0,0,0,0,0,0,0,0,0,0,0,0
"95",1979,11,0,0,0,0,0,0,0,0,0,0,0,0,0,0,0,0,0,0,0,0,0,0
"96",1979,12,0,0,0,0,0,0,0,0,0,0,0,0,0,0,0,0,0,0,0,0,0,0
"97",1980,1,0,0,0,0,0,0,0,0,0,0,0,0,0,0,0,0,0,0,0,0,0,0
"98",1980,2,0,0,0,0,0,0,0,0,0,0,0,0,0,0,0,0,0,0,0,0,0,0
"99",1980,3,0,0,0,0,0,0,0,0,0,0,0,0,0,0,0,0,0,0,0,0,0,0
"100",1980,4,0,0,0,0,0,0,0,0,0,0,0,0,0,0,0,0,0,0,0,0,0,0
"101",1980,5,0,0,0,0,0,0,0,0,0,0,0,0,0,0,0,0,0,0,0,0,0,0
"102",1980,6,0,0,0,0,0,0,0,0,0,0,0,0,0,0,0,0,0,0,0,0,0,0
"103",1980,7,0,0,0,0,0,0,0,0,0,0,0,0,0,0,0,0,0,0,0,0,0,0
"104",1980,8,0,0,0,0,0,0,0,0,0,0,0,0,0,0,0,0,0,0,0,0,0,0
"105",1980,9,0,0,0,0,0,0,0,0,0,0,0,0,0,0,0,0,0,0,0,0,0,0
"106",1980,10,0,0,0,0,0,0,0,0,0,0,0,0,0,0,0,0,0,0,0,0,0,0
"107",1980,11,0,0,0,0,0,0,0,0,0,0,0,0,0,0,0,0,0,0,0,0,0,0
"108",1980,12,0,0,0,0,0,0,0,0,0,0,0,0,0,0,0,0,0,0,0,0,0,0
"109",1981,1,0,0,0,0,0,0,0,0,0,0,0,0,0,0,0,0,0,0,0,0,0,0
"110",1981,2,0,0,0,0,0,0,0,0,0,0,0,0,0,0,0,0,0,0,0,0,0,0
"111",1981,3,0,0,0,0,0,0,0,0,0,0,0,0,0,0,0,0,0,0,0,0,0,0
"112",1981,4,0,0,0,0,0,0,0,0,0,0,0,0,0,0,0,0,0,0,0,0,0,0
"113",1981,5,0,0,0,0,0,0,0,0,0,0,0,0,0,0,0,0,0,0,0,0,0,0
"114",1981,6,0,0,0,0,0,0,0,0,0,0,0,0,0,0,0,0,0,0,0,0,0,0
"115",1981,7,0,0,0,0,0,0,0,0,0,0,0,0,0,0,0,0,0,0,0,0,0,0
"116",1981,8,0,0,0,0,0,0,0,0,0,0,0,0,0,0,0,0,0,0,0,0,0,0
"117",1981,9,0,0,0,0,0,0,0,0,0,0,0,0,0,0,0,0,0,0,0,0,0,0
"118",1981,10,0,0,0,0,0,0,0,0,0,0,0,0,0,0,0,0,0,0,0,0,0,0
"119",1981,11,0,0,0,0,0,0,0,0,0,0,0,0,0,0,0,0,0,0,0,0,0,0
"120",1981,12,0,0,0,0,0,0,0,0,0,0,2,0,0,0,0,0,0,0,0,0,0,0
"121",1982,1,0,0,0,0,0,0,0,0,3,0,3,0,0,0,0,0,0,0,0,0,0,0
"122",1982,2,0,0,0,0,0,0,0,0,2,0,1,0,0,0,0,0,0,0,0,0,0,0
"123",1982,3,0,0,0,0,0,0,0,0,0,0,0,0,0,0,0,0,0,0,0,0,0,0
"124",1982,4,0,0,0,0,0,0,0,0,0,0,0,0,0,0,0,0,0,0,0,0,0,0
"125",1982,5,0,0,0,0,0,0,0,0,0,0,0,0,0,0,0,0,0,0,0,0,0,0
"126",1982,6,0,0,0,0,0,0,0,0,0,0,0,0,0,0,0,0,0,0,0,0,0,0
"127",1982,7,0,0,0,0,0,0,0,0,0,0,0,0,0,0,0,0,0,0,0,0,0,0
"128",1982,8,0,0,0,0,0,0,0,0,0,0,0,0,0,0,0,0,0,0,0,0,0,0
"129",1982,9,0,0,0,0,0,0,0,0,0,0,0,0,0,0,0,0,0,0,0,0,0,0
"130",1982,10,0,0,0,0,0,0,0,0,0,0,0,0,0,0,0,0,0,0,0,0,0,0
"131",1982,11,0,0,0,0,0,0,0,0,0,0,0,0,0,0,0,0,0,0,0,0,0,0
"132",1982,12,0,0,0,0,0,0,0,0,0,0,0,0,0,0,0,0,0,0,0,0,0,0
"133",1983,1,0,0,0,0,0,0,0,0,0,0,0,0,0,0,0,0,0,0,0,0,0,0
"134",1983,2,0,0,0,0,0,0,0,0,0,0,0,0,0,0,0,0,0,0,0,0,0,0
"135",1983,3,0,0,0,0,0,0,0,0,0,0,0,0,0,0,0,0,0,0,0,0,0,0
"136",1983,4,0,0,0,0,0,0,0,0,0,0,0,0,0,0,0,0,0,0,0,0,0,0
"137",1983,5,0,0,0,0,0,0,0,0,0,0,0,0,0,0,0,0,0,0,0,0,0,0
"138",1983,6,0,0,0,0,0,0,0,0,0,0,0,0,0,0,0,0,0,0,0,0,0,0
"139",1983,7,0,0,0,0,0,0,0,0,0,0,0,0,0,0,0,0,0,0,0,0,0,0
"140",1983,8,0,0,0,0,0,0,0,0,0,0,0,0,0,0,0,0,0,0,0,0,0,0
"141",1983,9,0,0,0,0,0,0,0,0,0,0,0,0,0,0,0,0,0,0,0,0,0,0
"142",1983,10,0,0,0,0,0,0,0,0,0,0,0,0,0,0,0,0,0,0,0,0,0,0
"143",1983,11,0,0,0,0,0,0,0,0,0,0,0,0,0,0,0,0,0,0,0,0,0,0
"144",1983,12,0,0,0,0,0,0,0,0,0,0,0,0,0,0,0,0,0,0,0,0,0,0
"145",1984,1,0,0,0,0,0,0,0,0,0,0,0,0,0,0,0,0,0,0,0,0,0,0
"146",1984,2,0,0,0,0,0,0,0,0,0,0,0,0,0,0,0,0,0,0,0,0,0,0
"147",1984,3,0,0,0,0,0,0,0,0,0,0,0,0,0,0,0,0,0,0,0,0,0,0
"148",1984,4,0,0,0,0,0,0,0,0,0,0,0,0,0,0,0,0,0,0,0,0,0,0
"149",1984,5,0,0,0,0,0,0,0,0,1,0,0,0,0,0,0,0,0,0,0,0,0,0
"150",1984,6,0,0,0,0,0,0,0,0,0,0,0,0,0,0,0,0,0,0,0,0,0,0
"151",1984,7,0,0,0,0,0,0,0,0,0,0,0,0,0,0,0,0,0,0,0,0,0,0
"152",1984,8,0,0,0,0,0,0,0,0,0,0,0,0,0,0,0,0,0,0,0,0,0,0
"153",1984,9,0,0,0,0,0,0,0,0,0,0,0,0,0,0,0,0,0,0,0,0,0,0
"154",1984,10,0,0,0,0,0,0,0,0,0,0,0,0,0,0,0,0,0,0,0,0,0,0
"155",1984,11,0,0,0,0,0,0,0,0,0,0,0,0,0,0,0,0,0,0,0,0,0,0
"156",1984,12,0,0,0,0,0,0,0,0,0,0,0,0,0,0,0,0,0,0,0,0,0,0
"157",1985,1,0,0,0,0,0,0,0,0,0,0,0,0,0,0,0,0,0,0,0,0,0,0
"158",1985,2,0,0,0,0,0,0,0,0,0,0,0,0,0,0,0,0,0,0,0,0,0,0
"159",1985,3,0,0,0,0,0,0,0,0,0,0,0,0,0,0,0,0,0,0,0,0,0,0
"160",1985,4,0,0,0,0,0,0,0,0,0,0,0,0,0,0,0,0,0,0,0,0,0,0
"161",1985,5,0,0,0,0,0,0,0,0,0,0,0,0,0,0,0,0,0,0,0,0,0,0
"162",1985,6,0,0,0,0,0,0,0,0,0,0,0,0,0,0,0,0,0,0,0,0,0,0
"163",1985,7,0,0,0,0,0,0,0,0,0,0,0,0,0,0,0,0,0,0,0,0,0,0
"164",1985,8,0,0,0,0,0,0,0,0,0,0,0,0,0,0,0,0,0,0,0,0,0,0
"165",1985,9,0,0,0,0,0,0,0,0,0,0,0,0,0,0,0,0,0,0,0,0,0,0
"166",1985,10,0,0,0,0,0,0,0,0,0,0,0,0,0,0,0,0,0,0,0,0,0,0
"167",1985,11,0,0,0,0,0,0,0,0,0,0,0,0,0,0,0,0,0,0,0,0,0,0
"168",1985,12,0,0,0,0,0,0,0,0,0,0,0,0,0,0,0,0,0,0,0,0,0,0
"169",1986,1,0,0,0,0,0,0,0,0,0,0,0,0,0,0,0,0,0,0,0,0,0,0
"170",1986,2,0,0,0,0,0,0,0,0,0,0,0,0,0,0,0,0,0,0,0,0,0,0
"171",1986,3,0,0,0,0,0,0,0,0,0,0,0,0,0,0,0,0,0,0,0,0,0,0
"172",1986,4,0,0,0,0,0,0,0,0,0,0,0,0,0,0,0,0,0,0,0,0,0,0
"173",1986,5,0,0,0,0,0,0,0,0,0,0,0,0,0,0,0,0,0,0,0,0,0,0
"174",1986,6,0,0,0,0,0,0,0,0,0,0,0,0,0,0,0,0,0,0,0,0,0,0
"175",1986,7,0,0,0,0,0,0,0,0,0,0,0,0,0,0,0,0,0,0,0,0,0,0
"176",1986,8,0,0,0,0,0,0,0,0,0,0,0,0,0,0,0,0,0,0,0,0,0,0
"177",1986,9,0,0,0,0,0,1,0,0,0,0,0,0,0,0,0,0,0,0,0,0,0,0
"178",1986,10,0,0,0,0,0,0,0,0,0,0,0,0,0,0,0,0,0,0,0,0,0,0
"179",1986,11,0,0,0,0,0,0,0,0,0,0,0,0,0,0,0,0,0,0,0,0,0,0
"180",1986,12,0,0,0,0,0,0,0,0,0,0,0,0,0,0,0,0,0,0,0,0,0,0
"181",1987,1,0,0,0,0,0,7,0,0,0,0,0,0,0,0,0,0,0,0,0,0,0,0
"182",1987,2,0,0,0,0,0,6,0,0,0,0,0,0,0,0,4,0,0,0,0,0,0,0
"183",1987,3,0,2,0,0,0,21,0,0,0,0,0,0,0,0,1,0,0,0,0,0,0,0
"184",1987,4,0,0,0,0,0,0,0,0,0,0,0,0,0,0,0,0,0,0,0,0,0,0
"185",1987,5,0,1,0,0,0,0,0,0,0,0,0,0,0,0,1,0,0,0,0,0,0,0
"186",1987,6,0,0,0,0,0,1,0,0,0,0,0,0,0,0,0,0,0,0,0,0,0,0
"187",1987,7,0,0,0,0,0,2,0,0,0,0,0,0,0,0,0,0,0,0,0,0,0,0
"188",1987,8,0,0,0,0,0,0,0,0,2,0,0,0,0,0,0,0,0,0,0,0,0,0
"189",1987,9,0,0,0,0,0,1,0,0,0,0,0,0,0,0,0,0,0,0,0,0,0,0
"190",1987,10,0,0,0,0,0,1,0,0,0,0,0,0,0,0,1,0,0,0,0,0,0,0
"191",1987,11,0,0,0,0,0,0,0,0,0,0,0,0,0,0,1,0,0,0,0,0,0,0
"192",1987,12,0,0,0,0,0,0,0,0,0,0,0,0,0,0,0,0,0,0,0,0,0,0
"193",1988,1,0,0,0,0,0,0,0,0,1,0,0,0,0,0,2,0,0,0,0,0,0,0
"194",1988,2,0,0,0,0,0,0,0,0,0,0,0,0,0,0,6,0,0,0,0,0,0,0
"195",1988,3,0,0,0,0,0,0,0,0,0,0,0,0,0,0,0,0,0,0,0,0,0,0
"196",1988,4,0,0,0,0,0,0,0,0,0,0,0,0,0,0,2,0,0,0,0,1,0,0
"197",1988,5,0,0,0,0,0,0,0,0,0,0,0,0,0,0,1,0,0,0,0,0,0,0
"198",1988,6,0,0,0,0,0,0,0,0,0,0,0,0,0,0,0,0,0,0,0,0,0,0
"199",1988,7,0,0,0,0,0,0,0,0,0,0,0,0,0,0,0,0,0,0,0,0,0,0
"200",1988,8,0,0,0,0,0,0,0,0,0,0,0,0,0,0,0,0,0,0,0,0,0,0
"201",1988,9,0,0,0,0,0,0,0,0,0,0,0,0,0,0,0,0,0,0,0,0,0,0
"202",1988,10,0,0,0,0,0,112,0,0,0,0,0,0,0,0,6,0,0,0,0,0,0,0
"203",1988,11,0,0,0,0,0,43,0,0,1,0,0,0,0,0,0,0,0,0,0,0,0,0
"204",1988,12,0,8,0,0,0,3,0,0,1,0,0,0,0,0,0,0,0,0,0,0,0,0
"205",1989,1,0,0,0,0,0,0,0,0,0,0,0,0,0,0,0,0,0,0,0,0,0,0
"206",1989,2,0,0,0,0,0,0,0,0,0,0,0,0,0,0,0,0,0,0,0,0,0,0
"207",1989,3,0,0,0,0,0,0,0,0,0,0,0,0,0,0,0,0,0,0,0,0,0,0
"208",1989,4,0,0,0,0,0,0,0,0,0,0,0,0,0,0,0,0,0,0,0,0,0,0
"209",1989,5,0,0,0,0,0,0,0,0,0,0,0,0,0,0,0,0,0,0,0,0,0,0
"210",1989,6,0,0,0,0,0,2,0,0,0,0,0,0,0,0,0,0,0,0,0,0,0,0
"211",1989,7,0,0,0,0,0,1,0,0,0,0,0,0,0,0,0,0,0,0,0,0,0,0
"212",1989,8,0,0,0,0,0,0,0,0,0,0,0,0,0,0,0,0,0,0,0,0,0,0
"213",1989,9,0,0,0,0,0,0,0,0,0,0,0,0,0,0,0,0,0,0,0,0,0,0
"214",1989,10,0,0,0,0,0,0,0,0,0,0,0,0,0,0,0,0,0,0,0,0,0,0
"215",1989,11,0,0,0,0,0,0,0,0,0,0,0,0,0,0,0,0,0,0,0,0,0,0
"216",1989,12,0,0,0,0,0,0,0,0,0,0,0,0,0,0,0,0,0,0,0,0,0,0
"217",1990,1,0,0,0,0,0,0,0,0,0,0,0,0,0,0,0,0,0,0,0,0,0,0
"218",1990,2,0,0,0,0,0,0,0,0,0,0,0,0,0,0,0,0,0,0,0,0,0,0
"219",1990,3,0,4,0,0,0,0,19,0,0,0,0,0,0,0,0,0,0,0,0,0,0,0
"220",1990,4,0,0,0,0,0,0,0,0,0,0,0,0,0,0,0,0,0,0,0,0,0,0
"221",1990,5,0,0,0,0,0,12,0,0,0,0,0,0,0,0,0,0,0,0,0,0,0,0
"222",1990,6,0,0,0,0,0,3,0,0,0,0,0,0,0,0,0,0,0,0,0,0,0,0
"223",1990,7,0,0,0,0,0,0,0,0,0,0,0,0,0,0,0,0,0,0,0,0,0,0
"224",1990,8,0,0,0,0,0,1,0,0,0,0,0,0,0,0,0,0,0,0,0,0,0,0
"225",1990,9,0,0,0,0,0,5,0,0,0,0,0,0,0,0,0,0,0,0,0,0,0,0
"226",1990,10,0,0,0,0,0,12,0,0,1,0,0,0,0,0,1,0,0,0,0,0,0,0
"227",1990,11,0,3,0,0,0,11,12,0,0,0,0,0,0,0,1,0,0,0,0,0,0,0
"228",1990,12,0,0,0,0,0,0,0,0,0,0,0,0,0,0,0,0,0,0,0,0,0,0
"229",1991,1,0,0,0,0,0,0,0,0,0,0,0,0,0,0,0,0,0,0,0,0,0,0
"230",1991,2,0,0,0,0,0,0,0,0,0,0,0,0,0,0,0,0,0,0,0,0,0,0
"231",1991,3,0,0,0,0,0,0,0,0,0,0,0,0,0,0,0,0,0,0,0,0,0,0
"232",1991,4,0,0,0,0,0,0,0,0,0,0,0,0,0,0,0,0,0,0,0,0,0,0
"233",1991,5,0,0,0,0,0,0,0,0,0,0,0,0,0,0,0,0,0,0,0,0,0,0
"234",1991,6,0,15,0,0,0,6,0,0,0,0,0,0,0,0,1,0,0,0,0,0,0,0
"235",1991,7,0,0,0,0,0,1,0,0,0,0,0,0,0,0,0,0,0,0,0,0,0,0
"236",1991,8,0,0,0,0,0,0,0,0,0,0,0,0,0,0,0,0,0,0,0,0,0,0
"237",1991,9,0,3,0,0,0,0,0,0,0,0,0,0,0,0,1,0,0,0,0,0,0,0
"238",1991,10,0,20,0,0,0,35,1,0,0,0,0,0,0,0,4,0,0,0,0,0,0,0
"239",1991,11,0,10,0,0,0,78,0,0,1,0,0,0,0,0,0,0,0,0,0,0,0,0
"240",1991,12,0,0,0,0,0,48,7,0,0,2,0,0,0,0,9,0,0,0,0,0,0,0
"241",1992,1,0,0,0,0,0,4,5,0,0,0,0,0,0,0,1,0,0,0,1,0,0,0
"242",1992,2,0,0,0,0,0,4,0,0,0,0,0,0,0,0,0,0,0,0,2,0,12,0
"243",1992,3,0,0,0,0,0,0,0,0,0,0,0,0,0,0,0,0,0,0,0,0,0,0
"244",1992,4,0,0,0,0,0,0,0,0,0,0,0,0,0,0,0,0,0,0,0,0,1,0
"245",1992,5,0,0,0,0,0,0,6,0,0,0,0,0,0,0,3,0,0,0,0,0,9,0
"246",1992,6,0,0,0,0,0,0,0,0,0,0,0,0,0,0,3,0,0,0,0,0,0,0
"247",1992,7,0,0,0,0,0,0,0,0,0,0,0,0,0,0,6,0,0,0,0,0,0,0
"248",1992,8,0,0,0,0,0,2,0,0,1,0,0,0,0,0,4,0,0,0,0,0,0,0
"249",1992,9,0,0,0,0,0,4,0,0,0,0,0,0,0,2,0,0,0,0,0,0,0,0
"250",1992,10,0,10,0,0,0,49,0,0,0,0,0,0,0,0,8,0,0,0,0,0,0,0
"251",1992,11,0,21,0,0,0,33,2,0,0,0,0,0,1,0,9,0,0,0,0,0,0,0
"252",1992,12,0,70,0,0,0,91,2,0,0,0,0,0,0,0,26,0,0,0,0,0,0,0
"253",1993,1,0,47,0,0,0,63,20,0,35,0,0,0,0,0,6,0,0,0,0,0,0,0
"254",1993,2,0,4,0,0,0,6,0,0,0,0,0,0,0,0,0,0,0,0,0,0,0,0
"255",1993,3,0,42,0,0,0,56,12,0,6,0,0,0,0,0,14,0,0,0,0,0,1,0
"256",1993,4,0,61,0,0,0,41,22,0,2,0,0,0,0,0,15,0,0,0,0,0,0,0
"257",1993,5,0,95,0,0,0,16,2,0,6,0,0,0,0,0,54,0,0,0,0,0,1,0
"258",1993,6,0,76,0,0,0,2,3,0,1,0,0,0,0,0,37,0,0,0,0,0,0,0
"259",1993,7,0,82,0,0,0,4,0,0,4,0,0,0,0,0,35,0,0,0,0,0,0,0
"260",1993,8,0,0,0,0,0,0,0,0,0,0,0,0,0,0,0,0,0,0,0,0,0,0
"261",1993,9,0,0,0,0,0,0,0,0,0,0,0,0,0,0,1,0,0,0,0,0,0,0
"262",1993,10,0,2,0,0,0,17,0,0,0,0,0,0,0,0,21,0,0,0,0,0,0,0
"263",1993,11,0,27,0,0,0,46,4,0,12,0,0,0,0,0,16,0,0,0,0,0,6,0
"264",1993,12,0,1,0,1,0,53,17,0,39,0,0,0,0,0,113,0,0,0,0,0,9,0
"265",1994,1,0,0,0,0,0,0,0,0,0,0,0,0,0,0,3,0,0,0,0,0,0,0
"266",1994,2,0,0,0,0,0,0,0,0,0,0,0,0,0,0,0,0,0,0,0,0,0,0
"267",1994,3,0,0,0,0,0,0,0,0,0,0,0,0,0,0,2,0,0,0,0,0,0,0
"268",1994,4,0,0,0,0,0,0,0,0,0,0,0,0,0,0,0,0,0,0,0,0,0,0
"269",1994,5,0,0,0,0,0,0,0,0,0,0,0,0,0,0,0,0,0,0,0,0,0,0
"270",1994,6,0,0,0,0,0,0,0,0,0,0,0,0,0,0,1,0,0,0,0,0,0,0
"271",1994,7,0,0,0,0,0,0,0,0,0,0,0,0,0,0,0,0,0,0,0,0,0,0
"272",1994,8,0,0,0,0,0,0,0,0,0,0,0,0,0,0,0,0,0,0,0,0,0,0
"273",1994,9,0,0,0,0,0,0,0,0,0,0,0,0,0,0,0,0,0,0,0,0,0,0
"274",1994,10,0,0,0,0,0,0,0,0,0,0,0,0,0,0,0,0,0,0,0,0,0,0
"275",1994,11,0,0,0,0,0,0,0,0,0,0,0,0,0,0,0,0,0,0,0,0,0,0
"276",1994,12,0,0,0,0,0,0,0,0,1,0,0,0,0,0,1,0,0,0,0,0,0,0
"277",1995,1,0,166,0,0,0,103,14,0,63,0,0,0,0,0,97,0,0,0,5,0,2,0
"278",1995,2,0,0,0,0,0,1,0,0,71,0,16,0,0,0,0,0,0,0,0,0,0,0
"279",1995,3,0,0,0,0,0,0,0,0,77,17,0,0,0,0,1,0,0,0,0,0,0,0
"280",1995,4,0,131,0,1,0,38,1,0,9,0,0,0,0,0,105,0,0,0,0,170,0,0
"281",1995,5,0,236,0,41,25,21,59,0,86,34,0,4,0,0,122,0,0,0,5,192,1,0
"282",1995,6,0,0,0,0,0,0,0,0,0,0,0,0,0,0,2,0,0,0,0,0,0,0
"283",1995,7,0,0,0,0,27,0,0,0,29,0,0,0,0,0,0,0,0,0,0,0,0,0
"284",1995,8,0,0,0,0,0,0,0,0,0,0,0,0,0,0,0,0,0,0,0,0,0,0
"285",1995,9,0,0,0,0,0,0,0,0,0,0,0,0,0,0,0,0,0,0,0,0,0,0
"286",1995,10,0,34,0,141,229,300,0,20,0,0,0,11,0,0,130,0,0,0,3,1,0,0
"287",1995,11,0,145,0,262,103,249,65,44,128,0,0,0,0,0,152,0,0,0,96,0,68,0
"288",1995,12,0,0,0,58,56,153,39,38,10,0,0,0,0,0,19,0,0,0,0,5,0,0
"289",1996,1,0,170,0,235,331,598,73,169,80,0,8,15,15,0,26,14,0,0,94,19,69,0
"290",1996,2,0,14,0,40,72,119,12,17,175,0,93,1,4,0,8,10,0,0,18,3,11,0
"291",1996,3,0,0,0,0,0,1,0,0,103,12,56,0,0,0,0,0,0,0,0,0,0,0
"292",1996,4,0,108,0,323,310,424,269,144,33,6,4,4,9,0,67,0,0,0,226,21,68,0
"293",1996,5,0,162,0,303,359,488,139,203,5,0,0,84,15,0,281,0,0,0,193,147,50,0
"294",1996,6,0,77,0,186,315,553,111,120,130,0,2,242,172,0,215,0,0,0,121,193,54,0
"295",1996,7,0,50,0,95,497,281,38,12,289,22,52,131,148,0,76,0,0,0,38,276,19,0
"296",1996,8,0,0,0,0,0,65,0,0,0,0,1,71,79,0,0,0,0,0,0,0,0,0
"297",1996,9,0,0,0,0,0,0,0,0,0,0,0,0,0,0,13,0,0,0,0,0,0,0
"298",1996,10,0,0,0,0,0,0,0,0,0,0,0,0,0,0,0,0,0,0,0,0,0,0
"299",1996,11,0,74,0,113,187,1093,202,1,0,0,0,7,0,0,0,0,0,0,132,0,0,0
"300",1996,12,0,191,0,375,667,638,242,59,0,0,0,107,145,0,200,0,0,0,273,149,31,0
"301",1997,1,0,26,0,0,79,55,0,0,202,0,0,63,0,0,58,0,0,0,0,11,0,0
"302",1997,2,39,0,0,1,22,9,0,0,865,38,195,0,40,24,53,0,0,0,0,0,0,0
"303",1997,3,0,0,0,0,0,0,1,0,0,0,0,0,0,0,0,0,0,0,0,0,0,0
"304",1997,4,4,0,0,295,191,0,1,97,0,0,11,0,157,0,67,0,54,0,179,39,75,0
"305",1997,5,64,25,0,135,392,145,99,38,121,0,0,38,0,0,59,0,0,0,44,75,17,0
"306",1997,6,0,55,0,48,301,40,28,0,169,95,78,127,5,0,127,0,69,0,16,0,20,0
"307",1997,7,0,0,0,0,242,2,0,2,0,0,0,0,0,0,0,0,0,0,0,0,0,0
"308",1997,8,0,0,0,1,0,0,0,0,0,0,0,0,0,0,27,0,0,0,0,0,0,0
"309",1997,9,0,0,0,0,0,0,0,0,0,0,0,0,0,0,0,0,0,0,0,0,0,0
"310",1997,10,0,0,0,0,0,0,0,0,0,0,0,0,0,0,0,0,0,0,0,0,0,0
"311",1997,11,0,0,0,0,0,0,0,0,0,0,0,0,0,0,0,0,0,0,0,0,0,0
"312",1997,12,0,0,0,0,0,0,0,0,0,0,0,0,0,0,1,0,0,0,0,0,0,0
"313",1998,1,0,0,0,7,0,0,0,0,1,0,0,0,0,0,0,0,0,0,0,0,0,0
"314",1998,2,1,0,0,0,0,0,0,0,0,0,0,0,0,0,0,0,0,0,0,0,0,0
"315",1998,3,2,0,0,0,0,0,0,0,0,0,0,0,0,0,0,0,0,0,0,0,0,0
"316",1998,4,66,0,0,0,0,0,0,0,364,13,103,0,0,0,0,0,0,0,0,0,0,0
"317",1998,5,144,2,0,6,0,5,1,2,444,101,86,0,0,0,22,0,0,0,1,17,18,0
"318",1998,6,119,0,6,63,4,11,4,0,169,43,20,0,0,0,9,0,0,1,0,0,7,0
"319",1998,7,0,84,0,203,2,12,55,0,9,0,0,0,0,0,2,0,0,0,4,16,21,0
"320",1998,8,0,43,0,20,0,10,8,0,9,0,0,0,0,0,1,0,0,0,0,56,0,0
"321",1998,9,0,0,0,0,0,0,0,0,1,0,0,0,0,0,0,0,0,0,0,0,0,0
"322",1998,10,0,56,0,9,7,1,1,0,7,0,0,0,0,0,1,0,0,0,0,0,0,0
"323",1998,11,0,193,0,248,27,75,28,6,7,0,0,0,0,0,146,0,1,0,57,68,23,0
"324",1998,12,18,85,0,190,0,153,30,22,93,2,0,0,2,0,239,0,0,0,2,162,13,0
"325",1999,1,222,36,0,81,0,207,53,15,319,141,67,9,3,0,117,0,0,0,4,55,26,0
"326",1999,2,61,0,0,0,0,2,2,0,579,143,338,0,0,0,0,0,0,0,0,0,0,0
"327",1999,3,0,0,0,0,0,0,5,0,358,1,144,0,1,0,0,0,0,1,0,0,0,0
"328",1999,4,0,155,0,523,241,585,172,197,1,0,0,38,16,0,248,0,0,5,209,116,168,0
"329",1999,5,0,78,69,288,87,255,89,63,28,0,3,72,61,0,142,0,0,14,72,127,45,0
"330",1999,6,63,65,0,233,5,209,89,59,108,35,115,80,53,0,172,0,0,0,90,60,63,0
"331",1999,7,55,10,6,49,76,132,37,2,52,36,50,45,13,0,43,0,0,0,23,69,31,0
"332",1999,8,4,0,0,0,0,0,0,0,3,0,1,0,0,0,0,0,0,0,0,0,0,0
"333",1999,9,0,1,0,0,0,0,0,0,2,0,3,1,0,0,0,0,0,0,0,0,0,0
"334",1999,10,4,105,159,436,156,466,132,103,0,0,0,111,35,0,87,0,0,50,131,51,154,0
"335",1999,11,50,82,112,281,105,496,110,70,118,15,44,102,48,0,216,0,0,33,165,89,157,0
"336",1999,12,0,224,161,571,162,566,245,98,157,7,27,157,146,0,373,0,2,40,242,160,192,0
"337",2000,1,136,0,0,0,0,0,0,0,402,149,229,0,0,0,0,0,0,0,0,0,0,0
"338",2000,2,124,0,0,0,0,0,0,0,264,107,75,0,0,0,8,0,0,0,0,0,0,0
"339",2000,3,6,204,215,705,245,676,220,118,37,0,0,174,157,0,460,0,0,22,169,214,235,0
"340",2000,4,15,53,53,189,163,343,143,72,123,9,50,105,78,0,312,0,0,13,125,132,90,0
"341",2000,5,0,139,126,297,412,538,161,78,117,0,6,171,127,0,378,0,11,6,172,156,181,0
"342",2000,6,0,240,95,384,509,426,123,38,74,0,0,165,121,0,339,0,44,4,112,293,174,0
"343",2000,7,0,207,148,345,186,375,168,35,2,0,0,220,163,0,269,0,5,4,27,193,172,0
"344",2000,8,0,0,0,0,0,0,0,0,0,0,0,7,0,0,1,0,0,0,0,0,0,0
"345",2000,9,0,0,0,0,0,0,0,0,0,0,0,0,0,0,0,0,0,0,0,0,0,0
"346",2000,10,0,27,27,183,167,325,70,14,0,0,0,75,62,0,94,0,0,2,65,28,88,0
"347",2000,11,0,216,46,320,316,736,227,117,0,0,0,177,94,0,367,0,0,0,257,287,266,0
"348",2000,12,0,0,1,0,84,0,0,0,0,0,0,0,0,0,0,0,0,0,62,0,0,0
"349",2001,1,0,0,0,0,89,0,0,0,0,0,0,0,0,0,0,0,0,0,0,0,0,0
"350",2001,2,0,0,0,0,0,0,0,0,0,0,0,0,0,0,0,0,0,0,0,0,0,0
"351",2001,3,0,0,0,0,0,0,0,0,0,0,0,0,0,0,0,0,0,0,0,2,0,0
"352",2001,4,42,111,210,340,241,546,114,146,22,3,0,172,188,0,264,0,0,7,224,94,109,0
"353",2001,5,0,0,205,0,338,242,0,105,0,0,0,0,0,0,139,0,0,0,186,186,0,0
"354",2001,6,0,167,157,345,222,563,114,53,50,0,1,95,91,0,123,0,9,11,107,5,137,0
"355",2001,7,0,0,0,0,0,0,0,0,0,0,0,0,0,0,148,0,0,0,0,136,0,0
"356",2001,8,0,0,0,0,0,0,0,0,0,0,0,5,0,0,0,0,0,0,0,0,0,0
"357",2001,9,0,0,0,0,0,0,0,0,0,0,0,1,0,0,0,0,0,0,0,0,6,0
"358",2001,10,0,139,14,141,161,368,76,61,8,0,0,34,14,0,35,0,0,1,75,62,77,0
"359",2001,11,0,198,0,45,63,213,22,0,0,0,0,123,34,0,1,0,0,0,1,1,12,0
"360",2001,12,0,38,2,4,22,192,43,20,19,0,10,302,202,0,1,0,0,1,40,0,10,0
"361",2002,1,25,2,65,18,47,188,10,26,516,0,162,178,120,0,24,0,0,24,54,31,4,0
"362",2002,2,126,0,0,0,0,0,0,0,165,146,221,0,6,0,18,0,0,0,0,0,0,0
"363",2002,3,200,41,7,143,88,230,98,11,177,122,122,88,61,0,147,0,0,9,14,85,55,0
"364",2002,4,180,120,72,326,194,510,125,61,358,175,182,179,63,0,250,0,0,15,61,118,28,0
"365",2002,5,77,5,171,467,223,546,269,202,340,0,33,281,331,0,320,0,0,0,352,228,196,0
"366",2002,6,7,196,141,340,222,581,150,130,355,0,24,397,259,0,248,0,0,27,210,163,112,0
"367",2002,7,3,106,120,275,202,483,153,97,502,16,145,101,168,0,175,0,0,13,86,79,64,0
"368",2002,8,0,1,0,0,0,95,0,0,0,0,5,0,0,0,8,0,0,0,0,0,0,0
"369",2002,9,0,0,0,0,0,160,0,0,1,0,0,0,1,0,13,0,0,0,0,0,0,0
"370",2002,10,0,63,62,137,105,243,26,74,95,0,0,53,97,0,18,0,0,24,28,7,33,0
"371",2002,11,15,147,142,365,241,554,194,206,126,8,6,327,424,0,122,0,0,60,261,16,172,0
"372",2002,12,157,62,25,53,344,398,62,3,730,100,181,326,251,0,436,0,0,11,0,182,11,0
"373",2003,1,37,0,0,0,0,2,0,0,354,42,43,0,0,0,0,0,0,0,0,0,0,0
"374",2003,2,49,0,0,0,0,0,0,0,296,149,178,19,0,0,0,0,0,0,0,0,0,0
"375",2003,3,9,0,0,0,0,5,0,0,31,0,15,15,0,0,0,0,0,0,0,0,0,0
"376",2003,4,0,164,104,348,418,702,230,253,31,0,0,110,503,0,236,0,0,0,199,127,214,0
"377",2003,5,0,228,71,259,366,586,160,106,259,0,0,335,412,0,439,0,0,0,100,150,121,0
"378",2003,6,0,199,21,240,252,351,130,26,195,0,0,349,467,0,269,0,0,0,27,123,61,0
"379",2003,7,0,124,0,119,250,172,4,0,58,0,7,404,394,0,13,0,0,0,3,81,5,0
"380",2003,8,0,0,0,0,0,1,1,0,20,0,0,10,0,0,4,0,0,0,0,0,0,0
"381",2003,9,0,0,0,0,0,0,1,0,54,0,0,8,0,0,6,0,0,0,0,0,0,0
"382",2003,10,0,75,98,51,297,579,23,188,10,0,0,250,307,0,13,0,0,55,52,1,56,0
"383",2003,11,0,40,214,140,465,495,108,281,0,0,0,317,490,0,23,0,0,169,181,0,176,0
"384",2003,12,11,32,4,0,207,86,32,37,0,0,0,239,363,0,9,0,0,31,26,0,61,0
"385",2004,1,73,50,47,104,223,119,64,72,257,36,36,159,277,0,30,0,0,0,46,2,82,0
"386",2004,2,110,0,0,0,0,0,0,0,404,28,150,2,0,0,1,0,0,0,0,0,0,0
"387",2004,3,139,0,0,0,0,6,0,0,742,158,192,2,0,0,22,0,0,0,0,0,0,0
"388",2004,4,0,193,105,387,435,861,210,106,166,4,0,402,567,0,56,0,0,187,198,154,266,0
"389",2004,5,0,233,210,412,622,999,232,238,305,0,0,254,507,0,73,0,0,270,254,5,288,0
"390",2004,6,0,242,73,351,393,423,148,117,257,0,0,340,459,0,140,0,0,72,143,67,157,0
"391",2004,7,0,94,71,170,182,598,116,99,338,0,2,196,348,0,106,0,0,69,123,40,148,0
"392",2004,8,0,2,0,0,0,1,0,0,25,0,0,56,5,0,13,0,0,0,0,0,0,0
"393",2004,9,0,1,0,0,0,0,0,0,83,0,0,23,0,0,25,0,0,0,0,0,0,0
"394",2004,10,0,20,61,72,144,404,68,70,383,0,21,16,11,0,10,0,0,61,98,0,58,0
"395",2004,11,0,195,133,278,459,980,193,156,48,0,11,59,111,0,4,0,3,139,254,26,174,0
"396",2004,12,22,161,12,253,467,517,117,52,184,24,21,334,530,0,127,0,0,13,184,160,79,0
"397",2005,1,312,0,0,0,0,0,0,0,361,220,239,34,0,0,0,0,0,0,0,0,0,0
"398",2005,2,156,0,0,0,0,0,0,0,280,151,158,0,0,0,0,0,0,0,0,0,0,0
"399",2005,3,185,0,0,0,0,0,0,0,312,188,141,0,0,0,0,0,0,0,0,0,0,0
"400",2005,4,230,175,50,380,215,186,231,135,377,160,96,298,390,0,301,0,0,37,320,161,188,0
"401",2005,5,130,234,166,426,72,751,233,210,262,43,13,142,652,0,357,0,0,196,385,231,244,0
"402",2005,6,158,76,33,159,329,362,131,78,130,119,82,133,381,0,93,0,0,51,180,34,134,0
"403",2005,7,22,70,51,107,21,376,89,66,70,0,4,135,361,0,132,0,0,91,115,54,92,0
"404",2005,8,0,0,0,0,0,0,0,0,131,0,2,0,0,0,0,0,0,0,0,0,0,0
"405",2005,9,0,0,0,0,0,0,0,0,75,0,0,0,0,0,0,0,0,0,0,0,0,0
"406",2005,10,0,0,0,0,0,0,0,0,7,0,0,0,0,0,0,0,0,0,0,0,0,0
"407",2005,11,0,294,177,389,490,1205,304,172,0,0,0,99,978,0,398,0,0,203,411,213,163,0
"408",2005,12,18,23,0,27,42,117,15,8,28,9,2,24,89,0,32,0,0,14,21,10,3,0
"409",2006,1,204,0,0,0,0,38,0,0,692,181,94,99,0,0,18,0,0,0,0,0,0,0
"410",2006,2,100,0,0,0,0,0,0,0,277,124,100,0,0,0,3,0,0,0,0,0,0,0
"411",2006,3,28,49,23,61,26,181,36,23,235,34,36,115,107,0,64,0,0,37,54,26,29,0
"412",2006,4,66,42,37,60,10,159,49,42,177,66,17,0,0,0,49,0,0,46,68,24,30,0
"413",2006,5,124,97,51,149,267,390,111,96,218,111,90,126,311,0,149,0,0,67,162,80,80,0
"414",2006,6,7,103,16,161,234,343,82,34,74,23,43,236,475,0,149,0,0,45,112,94,4,0
"415",2006,7,86,0,0,0,0,54,0,0,125,95,138,71,1,0,9,0,0,0,0,0,0,0
"416",2006,8,0,0,0,0,0,0,0,0,13,0,41,0,0,0,0,0,0,0,0,0,0,0
"417",2006,9,0,0,0,0,0,0,0,0,52,0,7,0,0,0,0,0,0,0,0,0,0,0
"418",2006,10,0,0,0,0,0,0,0,0,71,0,46,0,0,0,0,0,0,0,0,0,0,0
"419",2006,11,5,116,35,123,192,272,96,53,93,17,47,0,182,0,95,0,0,74,129,56,32,0
"420",2006,12,0,88,35,105,193,226,69,67,42,0,12,0,225,0,86,0,0,82,125,48,106,0
"421",2007,1,99,0,0,0,0,110,0,0,425,127,98,146,0,0,12,0,0,0,0,1,0,0
"422",2007,2,116,0,0,0,0,132,0,0,389,75,74,87,0,0,12,0,0,7,0,3,0,0
"423",2007,3,78,0,0,0,0,165,0,0,251,90,146,96,0,0,2,0,0,0,0,0,0,0
"424",2007,4,0,71,0,69,0,3,57,23,7,0,0,0,98,0,0,0,0,0,69,0,44,0
"425",2007,5,98,127,7,151,0,86,104,105,0,118,84,0,0,0,4,0,0,89,155,0,72,0
"426",2007,6,0,115,4,135,0,101,107,61,0,0,0,47,0,0,0,0,0,28,143,12,35,0
"427",2007,7,0,0,0,0,0,0,0,0,0,0,0,0,0,0,0,0,0,0,0,0,0,0
"428",2007,8,0,0,0,0,0,0,0,0,2,0,0,0,0,0,0,0,0,0,0,0,0,0
"429",2007,9,0,0,0,0,0,6,0,0,67,5,12,6,0,0,7,0,0,0,0,0,0,0
"430",2007,10,4,14,0,0,0,281,0,0,73,7,34,30,0,0,13,0,0,0,0,0,0,0
"431",2007,11,0,151,0,141,0,0,125,87,1,0,0,57,0,0,35,0,0,0,129,15,0,0
"432",2007,12,0,118,0,103,0,3,87,43,0,0,0,0,0,0,8,0,0,0,91,4,40,0
"433",2008,1,0,0,0,0,0,0,0,0,311,57,56,5,0,0,3,0,0,0,0,0,0,0
"434",2008,2,0,0,0,0,0,0,0,0,5,0,0,0,0,0,0,0,0,0,0,0,0,0
"435",2008,3,0,0,0,0,0,0,0,0,6,0,0,0,0,0,0,0,0,0,0,0,0,0
"436",2008,4,0,112,45,105,0,380,112,71,87,0,0,0,0,0,116,0,0,108,126,90,7,0
"437",2008,5,0,54,13,48,0,158,49,37,143,0,0,0,0,0,60,0,0,42,63,51,5,0
"438",2008,6,0,190,21,171,0,197,163,128,70,0,0,316,249,0,108,0,0,80,199,80,4,0
"439",2008,7,0,0,0,0,0,0,0,0,129,0,0,0,0,0,0,0,0,0,0,0,0,0
"440",2008,8,0,0,0,0,0,0,0,0,32,0,0,0,0,0,0,0,0,0,0,0,0,0
"441",2008,9,0,0,0,0,0,0,0,0,0,0,0,0,0,0,0,0,0,0,0,0,0,0
"442",2008,10,0,0,0,0,0,0,0,0,0,0,0,0,0,0,0,0,0,0,0,0,0,0
"443",2008,11,0,0,0,115,0,0,79,36,0,0,0,0,0,0,0,0,0,0,116,0,95,0
"444",2008,12,0,0,0,100,0,0,66,85,0,0,0,0,7,0,0,0,0,0,92,0,94,0
"445",2009,1,16,15,0,0,1,147,0,0,193,37,73,74,0,0,1,0,0,0,0,0,0,0
"446",2009,2,0,1,0,0,0,50,0,0,103,23,35,37,0,0,8,0,0,0,0,0,0,0
"447",2009,3,13,28,0,0,0,185,0,0,150,6,0,65,0,0,6,0,0,0,0,0,0,0
"448",2009,4,82,116,0,98,131,324,81,81,52,72,2,27,6,0,116,0,0,70,119,77,93,0
"449",2009,5,157,251,0,252,244,712,153,184,83,64,10,162,547,0,258,0,0,197,278,148,226,0
"450",2009,6,38,127,0,72,390,612,27,86,131,39,26,52,239,0,186,0,0,137,91,104,34,0
"451",2009,7,13,58,0,0,72,159,13,4,60,18,2,49,147,0,1,0,0,30,15,15,0,0
"452",2009,8,1,15,0,0,0,244,0,0,112,13,8,35,0,0,10,0,0,0,0,0,0,0
"453",2009,9,0,103,0,0,0,201,0,0,27,3,3,45,0,0,6,0,0,0,0,0,0,0
"454",2009,10,44,51,0,0,0,195,0,0,17,6,0,0,0,0,14,0,0,0,0,0,0,0
"455",2009,11,101,317,0,232,158,795,101,110,8,33,52,2,105,0,262,0,0,264,197,150,110,0
"456",2009,12,137,202,0,163,49,496,40,128,222,126,90,18,176,0,280,0,0,82,92,241,69,0
"457",2010,1,0,18,0,40,0,310,0,0,291,0,18,40,95,0,113,0,0,0,0,149,0,0
"458",2010,2,0,20,0,0,0,0,0,0,247,0,5,0,0,0,7,0,0,0,0,0,0,0
"459",2010,3,0,55,0,0,0,147,0,0,180,0,5,0,0,0,9,0,0,0,0,0,0,0
"460",2010,4,0,87,0,0,0,385,0,0,249,0,0,4,0,0,8,0,0,0,0,0,0,0
"461",2010,5,20,192,0,120,367,615,31,64,98,37,11,10,79,0,176,0,0,150,45,113,15,0
"462",2010,6,14,148,0,71,516,549,21,72,85,2,0,55,124,0,145,0,0,196,51,67,3,0
"463",2010,7,54,72,0,17,115,310,2,79,17,36,3,1,0,0,6,0,0,128,44,0,0,0
"464",2010,8,0,51,0,0,1,31,0,0,12,0,10,10,0,0,10,0,0,0,0,0,0,0
"465",2010,9,0,160,0,0,0,103,0,0,48,0,0,4,0,0,29,0,0,0,0,0,0,0
"466",2010,10,0,155,0,0,0,241,0,0,17,0,0,0,0,0,17,0,20,0,0,0,0,0
"467",2010,11,0,224,0,96,73,424,43,52,0,0,0,55,0,0,83,0,0,37,72,38,36,0
"468",2010,12,0,88,0,49,19,250,30,15,0,0,0,71,0,0,15,0,0,0,55,4,33,0
"469",2011,1,0,96,0,65,89,232,27,24,0,0,0,149,69,0,131,0,0,34,46,78,12,0
"470",2011,2,76,80,0,0,0,45,0,0,140,81,88,0,0,0,7,0,0,0,0,0,0,0
"471",2011,3,122,16,0,0,0,65,0,0,213,107,128,46,0,0,12,0,0,0,0,0,0,0
"472",2011,4,19,199,0,288,149,488,211,205,18,3,0,515,32,0,317,0,0,60,302,211,280,0
"473",2011,5,0,307,0,324,4,343,116,12,48,0,0,110,364,0,305,0,0,0,140,185,161,0
"474",2011,6,0,96,0,162,30,391,52,28,115,0,5,25,140,0,210,0,0,0,74,180,32,0
"475",2011,7,95,60,0,159,0,250,69,48,186,129,149,17,0,0,26,0,0,0,77,12,15,0
"476",2011,8,13,16,0,0,0,125,0,0,39,18,58,47,0,0,6,0,0,0,0,0,0,0
"477",2011,9,0,17,0,0,0,96,0,0,0,0,0,60,0,0,11,0,0,0,0,0,0,0
"478",2011,10,0,97,0,0,0,188,0,0,2,0,0,85,0,0,8,0,0,0,0,0,0,0
"479",2011,11,0,194,0,70,122,294,51,37,55,0,0,66,84,0,83,0,0,54,70,50,63,0
"480",2011,12,0,324,0,233,355,582,134,69,40,0,0,97,362,0,199,0,0,172,145,122,98,0
"481",2012,1,0,0,0,0,111,164,10,10,2,0,0,57,21,0,23,0,0,41,30,56,1,0
"482",2012,2,0,110,0,0,0,80,0,0,141,6,35,61,0,0,5,0,0,0,0,0,0,0
"483",2012,3,0,102,0,0,0,179,0,0,149,0,5,60,0,0,1,0,0,0,0,0,0,0
"484",2012,4,140,62,0,0,0,66,0,0,80,115,56,14,0,0,0,0,0,0,0,0,0,0
"485",2012,5,56,10,0,326,207,387,155,90,11,88,45,8,57,0,203,0,0,83,207,108,172,0
"486",2012,6,24,32,0,179,285,408,45,49,7,0,13,32,396,0,75,0,0,80,74,31,16,0
"487",2012,7,25,184,0,49,142,493,1,6,60,15,8,17,45,0,110,0,0,121,7,84,3,0
"488",2012,8,10,41,0,0,0,110,0,0,43,27,35,16,0,0,12,0,0,0,0,0,0,0
"489",2012,9,0,13,0,0,0,167,0,0,0,0,0,0,0,0,0,0,0,0,0,0,0,0
"490",2012,10,0,7,0,0,0,138,0,0,0,0,0,0,0,0,0,0,0,0,0,0,0,0
"491",2012,11,0,40,0,43,0,139,0,0,2,0,0,0,0,0,76,0,0,0,0,54,21,0
"492",2012,12,0,286,0,166,0,145,24,0,5,0,0,8,100,0,273,0,0,0,15,171,3,0
"493",2013,1,0,121,0,285,0,171,116,82,3,0,6,2,0,0,33,0,0,62,145,38,104,0
"494",2013,2,0,0,0,0,0,0,0,0,5,0,0,0,0,0,6,0,0,1,0,0,0,0
"495",2013,3,0,0,0,0,0,0,0,0,0,0,0,0,0,0,2,0,0,0,0,0,0,0
"496",2013,4,0,46,0,0,0,5,0,0,0,0,0,0,0,0,9,0,0,2,0,0,0,0
"497",2013,5,0,138,0,133,113,316,84,69,6,0,2,0,0,0,126,0,0,123,111,110,130,0
"498",2013,6,9,135,0,184,295,311,118,144,59,40,54,0,0,0,138,0,0,80,184,105,172,0
"499",2013,7,42,84,0,0,96,286,0,3,221,44,90,27,0,0,15,0,0,65,6,0,6,0
"500",2013,8,23,29,0,0,0,184,0,0,197,36,83,26,0,0,10,0,0,0,0,0,0,0
"501",2013,9,0,50,0,0,0,111,0,0,9,0,0,2,0,0,0,0,0,0,0,0,0,0
"502",2013,10,0,58,0,0,0,14,0,0,7,2,0,0,0,0,9,0,0,0,0,0,0,0
"503",2013,11,27,228,0,145,394,710,74,65,81,16,0,63,12,0,188,0,0,133,116,121,107,0
"504",2013,12,0,194,0,184,412,382,85,79,1,0,0,33,2,0,14,0,0,126,130,14,103,0
"505",2014,1,0,5,0,8,144,264,39,1,2,0,0,63,0,0,23,0,0,30,3,0,59,0
"506",2014,2,0,0,0,0,0,10,0,0,4,0,0,4,0,0,0,0,0,0,0,0,0,0
"507",2014,3,0,0,0,0,0,34,0,0,55,0,0,2,0,0,19,0,0,0,0,0,0,0
"508",2014,4,102,0,0,0,0,5,0,0,229,110,87,0,0,0,106,0,0,0,0,0,0,0
"509",2014,5,4,0,0,319,59,22,140,0,185,77,23,1,0,0,221,0,0,0,155,98,196,0
"510",2014,6,0,0,0,176,554,217,75,0,67,12,3,0,0,0,71,0,0,46,58,42,98,0
"511",2014,7,0,0,0,129,65,0,98,0,0,0,0,0,0,0,94,0,0,0,69,63,108,0
"512",2014,8,0,0,0,0,0,0,0,0,0,0,0,0,0,0,0,0,0,0,0,0,0,0
"513",2014,9,0,0,0,0,0,0,0,0,0,0,0,0,0,0,0,0,0,0,0,0,0,0
"514",2014,10,0,0,0,0,0,1,0,0,0,0,0,0,0,0,0,0,0,0,0,0,0,0
"515",2014,11,0,0,0,0,0,0,0,0,0,0,0,0,0,0,0,0,0,0,0,0,0,0
"516",2014,12,0,0,0,0,0,0,0,0,0,0,0,0,0,0,0,0,0,0,0,0,0,0
"517",2015,1,0,0,0,0,0,0,0,0,0,0,0,0,0,0,0,0,0,0,0,0,0,0
"518",2015,2,0,0,0,0,0,0,0,0,0,0,0,0,0,0,0,0,0,0,0,0,0,0
"519",2015,3,4,0,0,0,0,0,0,0,2,3,4,0,0,0,0,0,0,0,0,0,0,0
"520",2015,4,0,0,0,0,0,0,0,0,0,0,0,0,0,0,0,0,0,0,0,0,0,0
"521",2015,5,0,0,0,0,0,0,0,0,0,0,0,0,0,0,0,0,0,0,0,0,0,0
"522",2015,6,0,0,0,0,0,0,0,0,0,0,0,0,0,0,0,0,0,0,0,0,0,0
"523",2015,7,0,0,0,0,0,0,0,0,0,0,0,0,0,0,0,0,0,0,0,0,0,0
"524",2015,8,0,0,0,0,0,0,0,0,0,0,0,0,0,0,0,0,0,0,0,0,0,0
"525",2015,9,0,0,0,0,0,0,0,0,0,0,0,0,0,0,0,0,0,0,0,0,0,0
"526",2015,10,0,0,0,0,0,0,0,0,0,0,0,0,0,0,0,0,0,0,0,0,0,0
"527",2015,11,0,0,0,0,0,0,0,0,0,0,0,0,0,0,0,0,0,0,0,0,0,0
"528",2015,12,0,0,0,0,0,0,0,0,0,0,0,0,0,0,0,0,0,0,0,0,0,0
"529",2016,1,0,12,0,7,71,21,11,0,0,0,0,0,0,0,30,0,0,14,7,46,7,0
"530",2016,2,1,0,0,0,0,0,0,0,0,0,0,0,0,0,0,0,0,0,0,0,0,0
"531",2016,3,0,0,0,0,0,0,0,0,0,0,0,0,0,0,0,0,0,0,0,0,0,0
"532",2016,4,9,0,0,0,0,0,0,0,27,6,23,0,0,0,0,0,0,0,0,0,0,0
"533",2016,5,11,0,0,0,0,0,0,0,99,59,61,0,0,0,0,0,0,0,0,0,0,0
"534",2016,6,7,0,0,0,0,0,0,0,111,52,55,0,0,0,0,0,0,0,0,0,0,0
"535",2016,7,6,0,0,0,0,0,0,0,0,12,0,0,0,0,0,0,0,0,0,0,0,0
"536",2016,8,64,0,0,0,0,0,0,0,0,62,14,0,0,0,0,0,0,0,0,0,0,0
"537",2016,9,0,0,0,0,0,0,0,0,0,0,0,0,0,0,0,0,0,0,0,0,0,0
"538",2016,10,0,0,0,0,0,0,0,0,0,0,0,0,0,0,0,0,0,0,0,0,0,0
"539",2016,11,0,64,0,72,272,0,64,0,0,0,0,8,28,0,26,0,0,0,56,13,86,0
"540",2016,12,0,95,0,128,383,0,125,0,0,0,0,80,140,0,15,0,0,0,148,5,146,8
"541",2017,1,36,92,0,158,181,10,80,0,24,45,11,13,36,0,139,0,3,0,85,30,70,0
"542",2017,2,48,4,0,0,1,0,0,0,37,53,25,24,0,0,14,0,0,0,0,0,0,0
"543",2017,3,56,9,0,0,0,1,0,0,97,47,79,3,0,0,9,0,0,0,0,0,0,0
"544",2017,4,21,35,0,65,130,137,43,0,87,16,43,4,10,0,77,0,0,12,74,24,58,0
"545",2017,5,0,87,0,112,501,691,64,0,9,0,0,19,122,0,168,0,0,64,109,95,56,0
"546",2017,6,26,33,0,88,304,261,69,0,13,14,13,55,118,0,221,0,0,8,54,89,32,0
"547",2017,7,13,63,0,94,63,101,56,0,18,0,23,16,26,0,130,0,0,0,13,60,26,0
"548",2017,8,0,14,0,0,0,36,0,0,7,0,1,3,22,0,11,0,0,0,0,0,0,0
"549",2017,9,0,9,0,0,0,48,0,0,0,0,0,0,19,0,12,0,0,0,0,0,0,0
"550",2017,10,0,3,0,0,0,55,0,0,0,0,0,1,4,0,6,0,0,0,0,0,0,0
"551",2017,11,1,9,0,0,10,145,0,0,0,0,0,1,22,0,3,0,0,0,0,0,0,0
"552",2017,12,0,0,0,0,0,0,0,0,0,0,0,0,0,0,0,0,0,0,0,0,0,0
"553",2018,1,8,3,0,45,367,607,48,0,11,5,8,19,64,0,8,0,0,0,130,0,71,0
"554",2018,2,35,0,0,0,0,43,0,0,201,57,75,22,3,0,9,0,0,0,0,0,0,0
"555",2018,3,0,0,0,0,0,19,0,0,117,1,13,12,5,0,8,0,0,0,0,0,0,0
"556",2018,4,0,86,0,149,311,421,99,0,6,0,0,6,61,0,19,0,0,0,145,16,141,0
"557",2018,5,0,122,0,244,367,648,150,0,9,0,0,11,28,0,31,0,0,0,205,25,171,0
"558",2018,6,17,39,0,87,91,246,99,0,92,5,81,10,54,0,20,0,0,0,19,13,28,0
"559",2018,7,13,16,0,0,0,13,0,0,119,58,108,6,12,0,10,0,0,0,0,0,0,0
"560",2018,8,0,0,0,0,0,5,0,0,4,1,1,8,23,0,13,0,0,0,0,0,0,0
"561",2018,9,0,0,0,0,0,40,0,0,0,0,0,19,14,0,12,0,0,0,0,0,0,0
"562",2018,10,0,0,0,0,0,43,0,0,33,0,0,20,17,0,8,0,0,0,0,0,0,0
"563",2018,11,0,15,0,75,321,282,77,0,37,0,0,10,19,0,16,0,0,0,118,12,81,0
"564",2018,12,0,51,0,134,459,410,127,0,0,0,0,8,3,0,19,0,0,0,120,11,110,0
"565",2019,1,85,0,0,13,34,133,6,0,52,62,121,15,23,0,10,0,0,0,4,0,2,0
"566",2019,2,7,0,0,0,0,29,0,0,33,17,42,4,4,0,4,0,0,0,0,0,0,0
"567",2019,3,0,0,0,0,0,37,0,0,0,0,0,5,12,0,5,0,0,0,0,0,0,0
"568",2019,4,0,7,0,14,18,56,10,0,0,0,0,6,8,0,18,0,0,0,16,7,13,0
"569",2019,5,0,204,0,147,498,469,154,0,0,0,0,7,70,0,171,0,0,0,171,104,127,0
"570",2019,6,33,67,0,35,471,220,12,0,72,6,52,1,69,0,169,0,0,0,12,89,0,0
"571",2019,7,0,2,0,0,180,134,0,0,0,0,0,1,53,0,7,0,0,0,0,0,0,0
"572",2019,8,9,0,0,0,0,33,0,0,22,2,0,4,24,0,8,0,0,0,0,0,0,0
"573",2019,9,0,0,0,0,0,42,0,0,0,0,0,4,30,0,10,0,0,0,0,0,0,0
"574",2019,10,3,0,0,0,0,38,0,0,0,0,6,8,13,0,7,0,0,0,0,0,0,0
"575",2019,11,0,58,0,57,351,425,35,0,0,0,0,4,10,0,6,0,0,0,82,5,52,0
"576",2019,12,0,5,0,101,204,144,85,0,0,0,0,3,60,0,3,0,0,0,128,0,102,0
"577",2020,1,0,0,0,0,38,0,0,0,0,0,0,3,12,0,2,0,0,0,0,0,0,0
"578",2020,2,0,0,0,0,0,0,0,0,0,0,0,0,0,0,0,0,0,0,0,0,0,0
"579",2020,3,0,0,0,0,0,0,0,0,0,0,0,0,0,0,0,0,0,0,0,0,0,0
"580",2020,4,0,0,0,0,0,0,0,0,0,0,0,0,0,0,0,0,0,0,0,0,0,0
"581",2020,5,0,0,0,11,35,93,22,0,0,0,0,0,0,0,3,0,0,0,26,10,5,0
"582",2020,6,0,0,0,0,2,62,0,0,0,0,0,0,0,0,1,0,0,0,0,11,0,0
"583",2020,7,0,0,0,25,24,82,6,0,0,0,0,0,4,0,0,0,0,0,22,1,39,0
"584",2020,8,0,0,0,0,0,29,0,0,0,0,0,0,0,0,10,0,0,0,0,0,0,0
"585",2020,9,0,0,0,0,0,20,0,0,0,0,0,5,0,0,4,0,0,0,0,0,0,0
"586",2020,10,0,0,0,0,0,14,0,0,0,0,0,2,0,0,1,0,0,0,0,0,0,0
"587",2020,11,0,0,0,19,49,127,16,0,0,0,0,0,5,0,4,0,0,0,7,4,15,0
"588",2020,12,0,0,0,0,0,723,0,0,0,0,0,0,22,0,5,0,0,0,0,5,0,0
"589",2021,1,0,0,0,25,0,233,25,0,0,0,0,0,0,0,3,0,0,0,26,0,22,0
"590",2021,2,0,0,0,0,0,0,0,0,5,0,0,0,0,0,0,0,0,0,0,0,0,0
"591",2021,3,0,0,0,0,0,0,0,0,0,0,0,0,0,0,0,0,0,0,0,0,0,0
"592",2021,4,0,0,0,0,0,40,0,0,0,0,0,0,5,0,0,0,0,0,0,0,0,0
"593",2021,5,0,0,0,0,0,0,0,0,0,0,0,0,0,0,0,0,0,0,0,4,0,0
"594",2021,6,0,0,0,0,0,0,0,0,0,0,0,0,0,0,0,0,0,0,0,0,0,0
"595",2021,7,0,0,0,0,0,0,0,0,0,0,0,0,0,0,0,0,0,0,0,0,0,0
"596",2021,8,0,0,0,0,0,3,0,0,0,0,0,4,10,0,1,0,0,0,0,0,0,0
"597",2021,9,0,0,0,0,0,0,0,0,0,0,0,0,0,0,0,0,0,0,0,0,0,0
"598",2021,10,0,0,0,0,0,33,0,0,5,0,0,0,0,0,2,0,0,0,0,0,0,0
"599",2021,11,0,0,0,5,12,515,0,0,10,0,0,2,2,0,15,0,0,0,4,0,5,0
"600",2021,12,0,0,0,0,0,0,0,0,0,0,0,0,0,0,0,0,0,0,0,0,0,0
"601",2022,1,0,0,0,0,0,0,0,0,0,0,0,0,0,0,0,0,0,0,0,0,0,0
"602",2022,2,0,0,0,0,0,0,0,0,9,0,0,4,0,0,0,0,0,0,0,0,0,0
"603",2022,3,0,0,0,0,0,0,0,0,13,0,0,5,2,0,0,0,0,0,0,0,0,0
"604",2022,4,0,0,0,0,0,0,0,0,0,0,0,1,6,0,3,0,0,0,0,0,0,0
"605",2022,5,0,1,0,150,114,335,118,0,78,0,15,0,70,0,29,0,0,0,168,55,170,0
"606",2022,6,0,0,0,87,227,287,112,0,105,0,0,0,123,0,8,0,0,0,149,10,77,0
"607",2022,7,0,0,0,11,0,219,24,0,64,0,0,0,5,0,4,0,0,0,23,13,16,0
"608",2022,8,0,0,0,0,0,45,0,0,59,0,0,8,16,0,3,0,0,0,0,0,0,0
"609",2022,9,0,0,0,0,0,70,0,0,3,0,0,0,24,0,5,0,0,0,0,0,0,0
"610",2022,10,0,0,0,0,0,116,0,0,0,0,0,0,34,0,1,0,0,0,0,0,0,0
"611",2022,11,0,0,0,35,0,223,39,0,0,0,0,0,49,0,4,0,0,0,21,18,27,0
"612",2022,12,0,0,0,137,343,558,164,0,0,0,0,2,188,0,6,0,0,0,112,14,95,0
"613",2023,1,0,0,0,71,382,250,49,0,0,0,0,2,45,0,13,0,0,1,9,49,3,0
"614",2023,2,0,0,0,9,32,8,13,0,0,0,0,11,41,0,4,0,0,0,0,3,0,0
"615",2023,3,0,0,0,0,0,0,0,0,0,0,0,5,24,0,2,0,0,0,0,0,0,0
"616",2023,4,0,0,0,0,0,0,0,0,20,0,0,0,0,0,6,0,0,0,0,0,0,0
"617",2023,5,0,0,0,0,0,0,0,0,41,0,0,0,0,0,9,0,0,0,0,0,0,0
"618",2023,6,0,31,0,10,26,44,0,0,7,0,0,0,29,0,4,0,0,0,2,2,0,0
"619",2023,7,0,0,0,0,0,0,0,0,0,0,0,0,2,0,9,0,0,0,0,0,0,0
"620",2023,8,0,0,0,0,21,152,0,0,2,0,3,1,76,0,4,0,0,0,0,1,0,0
"621",2023,9,0,0,0,0,0,99,0,0,0,0,0,4,25,0,6,0,0,0,0,0,0,0
"622",2023,10,0,130,0,81,108,176,99,0,0,0,0,0,36,0,10,0,0,0,73,13,69,0
"623",2023,11,0,306,0,228,433,448,207,0,0,0,0,0,15,0,30,0,0,0,197,96,176,0
"624",2023,12,0,27,0,45,80,166,23,0,0,0,0,0,42,0,37,0,0,0,28,65,33,0
"625",2024,1,0,0,0,0,0,18,0,0,0,0,0,0,15,0,4,0,0,0,0,11,0,0
"626",2024,2,0,0,0,0,0,0,0,0,0,0,0,0,6,0,2,0,0,0,0,0,0,0
"627",2024,3,0,0,0,0,0,37,0,0,0,0,0,5,49,0,5,0,0,0,0,0,0,0
"628",2024,4,0,33,0,18,52,30,28,0,0,0,0,2,60,0,6,0,0,0,24,11,21,0
"629",2024,5,0,0,0,0,0,0,0,0,0,0,0,0,0,0,0,0,0,0,0,0,0,0
"630",2024,6,0,0,0,0,0,0,0,0,0,0,0,0,0,0,0,0,0,0,0,0,0,0
"631",2024,7,0,0,0,0,0,0,0,0,0,0,0,0,0,0,0,0,0,0,0,0,0,0
"632",2024,8,0,0,0,0,0,0,0,0,0,0,0,0,0,0,0,0,0,0,0,0,0,0
"633",2024,9,0,0,0,0,0,0,0,0,0,0,0,0,0,0,0,0,0,0,0,0,0,0
"634",2024,10,0,0,0,0,0,0,0,0,0,0,0,0,0,0,0,0,0,0,0,0,0,0
"635",2024,11,0,0,0,0,0,0,0,0,0,0,0,0,0,0,0,0,0,0,0,0,0,0
"636",2024,12,0,0,0,0,0,0,0,0,0,0,0,0,0,0,0,0,0,0,0,0,0,0
